print,37368
floral,24188
lace,20434
knit,18498
sleeve,17828
maxi,15990
shirt,14921
denim,13178
striped,11771
chiffon,11735
crochet,8987
stripe,8591
sleeveless,7989
summer,7617
floral print,7560
fit,7490
cotton,7370
leather,7334
faux,7243
classic,7185
graphic,6933
pleated,6765
red,6717
long sleeve,6656
embroidered,6621
pink,6569
printed,6568
bodycon,6419
crop,6221
skater,6205
mini,6065
love,5944
abstract,5643
muscle,5565
v-neck,5494
collar,5458
skinny,5227
pocket,5193
mesh,5109
button,5057
shift,5025
trim,5002
wash,4919
flare,4841
tribal,4823
woven,4745
midi,4660
drawstring,4588
strapless,4358
sheer,4297
faux leather,4259
cami,4151
cut,4006
hooded,3958
rose,3902
dot,3810
textured,3763
boxy,3716
cropped,3706
pencil,3684
distressed,3597
belted,3580
paisley,3517
plaid,3504
cutout,3500
slim,3495
polka dot,3486
crepe,3456
hem,3413
shopping,3380
pattern,3364
zip,3266
a-line,3240
stretch,3223
sheath,3201
longline,3178
linen,3051
ribbed,2908
racerback,2903
party,2882
marled,2724
shoulder,2722
loose,2708
beaded,2702
crew,2681
colorblock,2630
cute,2550
light,2507
dye,2490
heathered,2403
surplice,2378
tunic,2355
girls,2337
fringe,2280
panel,2280
french,2251
wrap,2250
contrast,2234
peasant,2228
floral lace,2224
chambray,2213
oversized,2203
abstract print,2171
raglan,2162
scoop,2136
boho,2127
acid,2125
chic,2100
ruffle,2099
slit,2073
fur,2061
metallic,2044
dolman,2017
zipper,2006
boyfriend,2001
soft,1995
geo,1994
draped,1992
shawl,1990
girl,1968
pullover,1959
baseball,1880
york,1877
dark,1864
layered,1850
leopard,1832
new york,1813
slub,1804
crew neck,1798
sweet,1769
cable,1766
embroidery,1766
stripes,1749
peplum,1740
acid wash,1734
retro,1725
beach,1724
quilted,1721
solid,1718
sequin,1698
split,1693
flower,1674
tropical,1671
bow,1669
yoga,1622
capri,1619
faux fur,1607
paneled,1603
daisy,1582
terry,1581
embellished,1543
rise,1510
moto,1500
collarless,1497
satin,1494
la,1489
basic,1477
paisley print,1472
chevron,1468
elegant,1428
strappy,1422
cuffed,1395
scuba,1382
diamond,1377
neckline,1342
french terry,1334
babydoll,1330
fitted,1301
lace trim,1288
workout,1275
cable knit,1271
medium,1251
ripped,1249
sweetheart,1240
crochet lace,1239
big,1235
life,1231
burnout,1221
asymmetrical,1220
heart,1216
ruched,1194
strap,1154
animal,1149
baroque,1144
mixed,1142
pleat,1140
backless,1133
tiered,1130
gauze,1127
round,1116
ruffled,1110
lady,1108
eyelash,1106
varsity,1101
ankle,1100
island,1100
bandage,1094
trench,1082
open-front,1078
leopard print,1074
neon,1072
utility,1070
faded,1051
chino,1028
paris,1025
southwestern,1022
athletic,1017
overlay,1012
velvet,997
tassel,984
palm,982
washed,980
polo,978
mineral,975
tulle,972
batwing,965
tweed,963
bell,956
chunky,943
city,939
star,935
combo,925
long-sleeve,906
running,892
performance,886
destroyed,868
eyelash lace,866
cargo,863
rib,857
swing,853
watercolor,852
cowl,847
logo,847
everyday,841
trapeze,840
jacquard,839
studded,835
asymmetric,833
mineral wash,826
ditsy,825
fringed,822
high-waisted,816
twill,816
suede,802
colorblocked,794
camo,792
pintuck,790
swim,787
tulip,781
print shirt,771
eagle,766
geo print,762
tie-dye,760
ombre,756
patterned,749
patchwork,748
leaf,744
flat,729
collared,726
dolphin,721
open-knit,721
slip,716
dots,715
box,705
flutter,703
eyelet,701
organza,699
tartan,698
keyhole,697
cowl neck,689
crocheted,684
smocked,675
animal print,672
trimmed,671
butterfly,670
ikat,670
fuzzy,669
chiffon maxi,667
scalloped,664
grunge,661
west,660
roll,652
lace-paneled,651
buttoned,647
slouchy,638
flounce,631
harem,631
flared,630
rainbow,629
relaxed,627
ditsy floral,624
zippered,622
biker,621
square,620
dolman sleeve,619
cozy,616
ponte,616
stars,615
california,614
elephant,610
cat,603
bird,601
illusion,599
daisy print,596
bandana,593
night,589
flowy,583
brooklyn,579
sequined,576
ornate,574
wild,565
side slit,559
yoke,558
tile,557
chiffon shirt,555
waffle,553
mock,550
pan,548
baroque print,539
angeles,533
dotted,532
tree,532
crisscross,527
dream,525
fit flare,524
lace panel,524
shirred,524
fresh,518
bold,514
tube,514
lapel,511
nyc,509
seamless,509
flutter sleeve,503
stone,503
edge,500
nautical,496
art,491
puffer,488
bermuda,487
sun,486
flat front,483
drapey,479
crochet-paneled,477
miami,474
plaid shirt,473
hood,471
print skater,470
joie,468
raw,468
frayed,464
lace overlay,455
boat neck,453
mesh-paneled,451
track,450
georgette,448
medallion,445
ringer,445
smock,444
pj,442
mesh panel,436
abstract floral,434
cutoff,434
diamond print,434
leaf print,434
bleached,433
bustier,432
palm tree,432
mandarin,431
deep v-neck,430
embroidered lace,427
pintucked,421
mid rise,420
mid-rise,419
mock neck,419
clean,416
lace paneled,415
shearling,414
curved,409
braided,408
pin,406
high-low,405
print shift,404
lace sheath,402
mod,402
garden,401
vertical,400
grid,399
linen-blend,396
popover,395
inset,394
sleek,389
roses,388
bella,387
contrast trim,385
lace shift,385
chunky knit,381
nets,381
drop waist,379
heat,378
chevron print,377
floral maxi,373
doll,371
ny,371
twisted,370
caged,369
rhinestone,369
studio,369
knit skater,363
lace maxi,363
luxe,362
knotted,361
bodycon midi,359
brooklyn nets,358
canvas,358
paint,357
candy,356
scallop,356
fancy,355
embroidered peasant,353
graphic muscle,350
lounge,347
brocade,345
denim shirt,345
fox,343
rise skinny,338
structured,336
houndstooth,334
perforated,328
sky,328
gingham,326
box pleat,325
mickey,325
cloud,324
curved hem,324
high-waist,324
bleach,323
mandala,322
crochet-trimmed,319
elephant print,319
floral skater,319
high-slit,317
spirit,315
button-front,314
cap-sleeve,312
cuffed denim,312
nylon,312
butterfly print,311
weekend,311
bandana print,310
moon,308
bird print,307
camouflage,306
coast,306
print surplice,306
two-tone,305
zigzag,305
lace-up,304
rugby,304
galaxy,301
ikat print,301
embroidered mesh,300
feather,299
kaleidoscope,299
leather moto,298
sporty,298
circle,294
sea,293
cable-knit,292
botanical,290
triangle,290
self-tie,288
coffee,287
trouser,287
thermal,286
splatter,285
faux shearling,282
faux suede,281
run,279
stretch-knit,279
print strapless,278
flounced,277
barbie,276
v-back,273
ditsy floral print,271
wave,270
classic denim,269
crinkled,268
knit maxi,268
raglan sleeve,268
glitter,267
low-rise,265
off-the-shoulder,265
side-slit,265
embroidered floral,263
embroidered gauze,262
kangaroo,261
youth,261
medallion print,260
darling,258
pinstripe,258
training,256
fair,255
foldover,255
sateen,255
oxford,254
applique,252
pointelle,252
wide-leg,252
bead,248
gathered waistline,247
mickey mouse,246
mixed print,246
smart,244
spotted,244
dainty,242
lace-trimmed,242
abstract geo,240
lace mini,240
lace skater,240
reversible,240
painted,239
palm print,239
semi-sheer,239
marilyn,237
dropped,236
distressed skinny,235
long-sleeved,235
knit pencil,234
zig,234
crochet maxi,232
flirty,232
mesh paneled,232
heart print,231
kiss,230
pineapple,229
tonal,229
pom-pom,228
ruffle trim,228
cutout-back,227
free spirit,227
lace pencil,226
crepe woven,225
pizza,225
print woven,225
audrey,224
checkered,224
mob,224
baja,222
beatles,222
double-breasted,222
high-rise,221
power,221
lace print,220
heathered knit,219
seam,219
fisherman,218
marble,218
monroe,216
windowpane,214
varsity-striped,213
mosaic,211
classic fit,210
seersucker,210
please,209
desert,207
abstract floral print,204
rolling,203
slub-knit,203
classic knit,202
zip-front,201
bib,200
knit open,200
snap,200
zip-up,200
folk,199
damask,198
mandala print,197
babe,196
faux leather moto,196
grid print,195
skort,195
two-button,195
asymmetrical hem,194
fluted,194
lace-trim,194
laser,194
stones,194
denim pencil,193
isle,193
fold-over,191
marilyn monroe,190
tokyo,190
speckled,189
knee-length,188
open-back,187
boxy crop,186
cloud wash,186
coated,186
floral-embroidered,186
floral pattern,184
reverse,183
fair isle,182
abstract pattern,181
crochet knit,181
chiffon-paneled,180
foil,180
shredded,179
cotton-blend,178
posh,178
turtle-neck,178
abstract printed,177
rebel,177
tie-front,177
civil,176
corduroy,176
sunflower,176
guns,175
rugby stripe,175
scoop-neck,175
cami maxi,174
cheetah,173
swiss,173
van,173
sophisticated,171
arrow collar,167
beaded chiffon,167
dolphin hem,166
floral print skater,166
high-neck,166
field,165
tupac,165
cover-up,164
raga,164
leather pencil,163
neoprene,163
brushstroke,162
checked,161
lattice,161
velveteen,161
breton,160
chiffon pleated,160
kitty,160
snoopy,160
elasticized,158
striped v-neck,158
back lace,157
leather skater,157
bike,156
rolling stones,155
chiffon shift,154
hepburn,153
shaggy,153
back cutout,152
giraffe,152
origami,152
pima,152
shark,152
morning,151
belted maxi,150
crossback,149
lakers,148
mid-rise skinny,148
leather mini,147
tasseled,147
clean wash,146
standout,146
convertible,145
flat-front,145
paradise,144
flutter-sleeve,143
one-button,143
print strappy,143
toggle,143
classic woven,141
mixed stripe,141
print scuba,140
herringbone,139
hooded utility,139
bleached denim,138
crochet floral,138
minnie,138
lacy,137
pleated woven,137
enchanted,136
fan,136
muse,136
notched collar,136
floral surplice,135
hooded maxi,134
loop,132
cutout maxi,131
lace peplum,131
denim skater,130
pleated skater,130
safari,130
abstract stripe,129
floral shift,129
lover,129
tie-neck,129
basquiat,128
chiffon lace,128
kaleidoscope print,127
kid,126
kurt,126
print v-neck,126
tulip-back,126
windbreaker,126
classic striped,125
mesh overlay,125
paint splatter,125
abstract chevron,124
faux leather skater,123
shore,123
abstract geo print,122
classic cotton,122
knit v-neck,122
surfer,121
led,120
rustic,120
cotton knit,119
gauze maxi,119
lace sleeve,119
vented hem,119
marble print,118
knit striped,117
bejeweled,116
france,116
geo pattern,116
ornate print,116
split-neck,116
collarless faux,115
map,115
rad,115
fuzzy knit,114
popcorn,114
daring,113
dolman-sleeve,113
one-shoulder,113
chiffon surplice,112
embroidered shift,112
giraffe print,112
floral paisley,111
drop-waist,110
chiffon floral,109
venice,109
lace midi,108
mid rise skinny,108
nautical striped,108
crochet fringe,107
faux leather mini,107
crepe shift,106
cutout sheath,106
print racerback,106
tapestry,106
tribal-inspired,106
garden party,105
nautical stripe,105
zeppelin,105
faux leather pencil,104
textured woven,104
americana,103
camera,103
faux-wrap,103
genuine,103
t-back,103
distressed mid-rise,102
knit mini,102
m-slit,102
southwestern-patterned,102
leave,101
single-button,101
lace mesh,100
crochet crop,99
low-rise skinny,99
boxy striped,98
brushstroke print,98
floral print surplice,98
ribbed-knit,98
roman,98
cinched,97
gauzy,96
blurred,95
classic skinny,95
mirrored,95
zipped,95
crocheted lace,94
floral mesh,94
neck skater,94
sparkling,94
belted floral,93
regime,93
v-cut,93
straight-leg,92
bell-sleeve,91
botanical print,91
breton stripe,91
classic crew,91
classic v-neck,91
flawless,91
floyd,91
oil,91
chenille,90
floral pleated,89
longline shirt,89
voyager,89
belted lace,88
festive,88
refined,88
classic crew neck,87
purl,87
bed,86
flounce maxi,86
neck striped,86
beaded shift,85
boxy pocket,85
knit pocket,85
knit raglan,85
suspender,85
colorblock pocket,84
crisscross-back,84
dreamer,84
geo stripe,84
kahlo,84
knit longline,84
scuba skater,84
y-back,84
cities,83
eiffel,83
knit trapeze,81
pinstriped,81
ethereal,80
gauze peasant,80
kangaroo pocket,80
patched,80
rib-knit,80
spongebob,80
chiffon layered,79
classic pocket,79
drape-front,79
leather-trimmed,79
loose-knit,79
matelot,79
mosaic print,79
crochet mesh,78
dip-dye,78
netted,78
texas,78
denim drawstring,77
doodle,77
taco,77
crochet overlay,76
drop-sleeve,76
rugby striped,76
vent,76
back knit,75
boxy knit,75
devil,75
floral knit,75
minnie mouse,75
open-shoulder,75
zip-pocket,75
back striped,74
cuffed-sleeve,74
floral midi,74
floral mini,74
glass,74
mesh-trimmed,74
cotton drawstring,73
eyelash knit,73
floral lace skater,73
mesh racerback,73
seaside,73
smile,73
split-back,73
sunburst,73
tower,73
belted chiffon,72
folk print,72
frida,72
knit shawl,72
meow,72
notorious,72
cami crop,71
chiffon paneled,71
draped shawl,71
heathered v-neck,71
mock-neck,71
wifey,71
eyelet fit,70
foulard,70
heroes,70
m-slit maxi,70
neck ribbed,70
wildflower,70
embroidered fit,69
embroidered woven,69
leather paneled,69
leather-paneled,69
modernist,69
cross-back,68
dip-dyed,68
killin,68
mina,68
overlay sheath,68
strapless tribal,68
collar lace,67
denim shift,67
draped open-front,67
halen,67
wake,67
woke,67
embroidered maxi,66
floral lace sheath,66
ladder-back,66
marled stripe,66
beaded collar,65
beaded sheer,65
multi-stripe,65
print tulip,65
springs,65
belted plaid,64
pintuck pleated,64
southwestern-inspired,64
southwestern-print,64
bow-front,63
clashist,63
floral lace mini,63
leather quilted,63
slick,63
denim utility,62
leather peplum,62
leather trimmed,62
leather varsity,62
print smocked,62
quirky,62
stone washed,62
tie-back,62
abstract paisley,61
twist-front,61
cutout lace,60
draped surplice,60
dynamite,60
print satin,60
bow-back,59
embroidered gauze peasant,59
fitted v-neck,59
floral peasant,59
internet,59
belted floral print,58
faux leather paneled,58
faux leather-paneled,58
fit skinny,58
rose skater,58
box-pleated,57
crochet embroidered,57
dreamcatcher,57
gem,57
lace layered,57
skinny stretch,57
trouble,57
abstract chevron print,56
blah,56
chambray drawstring,56
combo maxi,56
distressed low-rise,56
faux leather varsity,56
knit lace,56
tasmanian,56
back bow,55
cardio,55
contrast-trimmed,55
cropped knit,55
heathered stripe,55
illusion neckline,55
lace pleated,55
loyal,55
sheer-paneled,55
floral print strapless,54
knit stripe,54
lightning,54
palm springs,54
striped trapeze,54
abstract diamond,53
faux leather-trimmed,53
gaucho,53
high-slit maxi,53
ribbed stripe,53
boxy lace,52
defyant,52
graphic racerback,52
high-rise skinny,52
lace sheer,52
ornate paisley,52
print smock,52
deep-v,51
floral flutter,51
floral textured,51
raw-cut,51
topstitched,51
